country,code,cases,new_cases,day_on_day_evolution,week_on_week_evolution,deaths,new_deaths,days_since_last_update,next_destination,arrivals_past_week,rolling_week_on_week_evolution_percent
China,CN,81033,30,0.0003702195401873311,1,3217,14,1,19,14,-0.12
Italy,IT,27980,3233,0.11554681915654039,0.6721944245889921,2158,349,1,2,2,1
Iran,IR,14991,1053,0.0702421452871723,0.5223133880328197,853,129,1,,,0
Spain,ES,9942,2144,0.21565077449205391,0.892074029370348,342,53,1,4,8,0.6
South Korea,KR,8236,74,0.008984944147644487,1,75,0,1,15,16,-0.15
Germany,DE,7272,1477,0.20310781078107812,0.8382838283828383,17,6,1,,,0
France,FR,6650,2137,0.3213533834586466,0.8181954887218045,148,57,1,15,4,-0.63
Switzerland,CH,2200,0,0,0.83,14,0,2,,,0
United Kingdom,GB,1551,407,0.2624113475177305,1,56,35,1,10,9,-0.25
Netherlands,NL,1414,279,0.19731258840169733,0.772984441301273,24,4,1,3,2,0
Norway,NO,1333,112,0.08402100525131283,0.846211552888222,3,0,1,,,0
Sweden,SE,1103,81,0.07343608340888486,0.7751586582048957,6,3,1,,,0
Belgium,BE,1058,172,0.16257088846880907,0.774102079395085,5,1,1,9,8,0.33
Austria,AT,1018,158,0.15520628683693516,0.8713163064833006,3,2,1,,,0
US,US,4632,1133,0.2446027633851468,0.8693868739205527,85,22,1,49,27,-0.03
Denmark,DK,932,57,0.0611587982832618,0.9034334763948498,3,1,1,,,0
Japan,JP,825,-14,-0.01696969696969697,0.3806060606060606,27,5,1,62,43,0.26
Malaysia,MY,566,138,0.24381625441696114,0.7932862190812721,0,0,1,8,8,-0.2
Qatar,QA,439,38,0.08656036446469248,0.958997722095672,0,0,1,28,19,-0.09
Greece,GR,331,0,0,0.7794561933534743,4,0,1,1,2,0
Portugal,PT,331,86,0.2598187311178248,0.9093655589123867,0,0,1,3,0,-1
Czechia,CZ,298,45,0.15100671140939598,1,0,0,1,,,0
Finland,FI,277,33,0.11913357400722022,0.8916967509025271,0,0,1,,,0
Israel,IL,255,4,0.01568627450980392,0.8470588235294118,0,0,1,1,0,0
Slovenia,SI,253,34,0.13438735177865613,0.9367588932806324,1,0,1,,,0
Singapore,SG,243,17,0.06995884773662552,0.38271604938271603,0,0,1,18,3,-0.5
Bahrain,BH,214,0,0,0.5560747663551402,1,1,1,,,0
Estonia,EE,205,34,0.16585365853658537,0.9512195121951219,0,0,1,,,0
Brazil,BR,200,38,0.19,0.875,0,0,1,3,0,-1
Iceland,IS,180,9,0.05,0.6777777777777778,0,-5,1,,,0
Canada,CA,415,165,0.39759036144578314,0.8168674698795181,4,3,1,0,1,0
Poland,PL,177,58,0.327683615819209,0.9096045197740112,4,1,1,0,1,0
Australia,AU,377,80,0.21220159151193635,0.7586206896551724,3,0,1,97,55,-0.12
Ireland,IE,169,40,0.23668639053254437,0.8757396449704142,2,0,1,,,0
Romania,RO,158,27,0.17088607594936708,0.9050632911392406,0,0,1,,,0
Chile,CL,155,81,0.5225806451612903,0.9483870967741935,0,0,1,1,0,0
Egypt,EG,150,40,0.26666666666666666,0.6333333333333333,2,0,1,0,0,-1
Thailand,TH,147,33,0.22448979591836735,0.6598639455782312,1,0,1,3,2,0
Philippines,PH,142,2,0.014084507042253521,0.8591549295774648,12,1,1,3,0,0
Pakistan,PK,136,83,0.6102941176470589,0.9558823529411765,0,0,1,2,2,-0.66
Indonesia,ID,134,17,0.12686567164179105,0.8582089552238806,5,0,1,6,5,0.66
Iraq,IQ,124,8,0.06451612903225806,0.5161290322580645,10,0,1,,,0
Kuwait,KW,123,11,0.08943089430894309,0.4796747967479675,0,0,1,,,0
India,IN,119,6,0.05042016806722689,0.6386554621848739,2,0,1,10,9,0.5
Saudi Arabia,SA,118,15,0.1271186440677966,0.8728813559322034,0,0,1,,,0
San Marino,SM,109,8,0.07339449541284404,0.6697247706422018,7,2,1,,,0
Lebanon,LB,99,-11,-0.1111111111111111,0.6767676767676768,3,0,1,,,0
United Arab Emirates,AE,98,0,0,0.5408163265306123,0,0,1,3,2,1
Russia,RU,90,27,0.3,0.8111111111111111,0,0,1,7,8,-0.27
Peru,PE,86,43,0.5,0.9186046511627907,0,0,1,2,2,1
Luxembourg,LU,77,18,0.23376623376623376,0.961038961038961,1,0,1,,,0
Taiwan*,TW,67,8,0.11940298507462686,0.3283582089552239,1,0,1,3,4,-0.33
Slovakia,SK,63,9,0.14285714285714285,0.9523809523809523,0,0,1,,,0
South Africa,ZA,62,11,0.1774193548387097,0.9516129032258065,0,0,1,2,0,0
Vietnam,VN,61,5,0.08196721311475409,0.5081967213114754,0,0,1,2,0,0
Croatia,HR,57,8,0.14035087719298245,0.7894736842105263,0,0,1,,,0
Argentina,AR,56,11,0.19642857142857142,0.7857142857142857,2,0,1,,,0
Panama,PA,55,12,0.21818181818181817,1,1,0,1,0,0,-1
Serbia,RS,55,7,0.12727272727272726,0.9818181818181818,0,0,1,,,0
Algeria,DZ,54,6,0.1111111111111111,0.6296296296296297,4,0,1,4,6,2
Brunei,BN,54,4,0.07407407407407407,0.9814814814814815,0,0,1,2,4,-0.33
Colombia,CO,54,20,0.37037037037037035,0.9814814814814815,0,0,1,0,1,0
Mexico,MX,53,12,0.22641509433962265,0.8679245283018868,0,0,1,1,0,-1
Armenia,AM,52,26,0.5,0.9807692307692307,0,0,1,,,0
Bulgaria,BG,52,1,0.019230769230769232,0.9230769230769231,2,0,1,,,0
Albania,AL,51,9,0.17647058823529413,0.9607843137254902,1,0,1,,,0
Hungary,HU,39,7,0.1794871794871795,0.7692307692307693,1,0,1,,,0
Ecuador,EC,37,9,0.24324324324324326,0.5945945945945946,2,0,1,,,0
Belarus,BY,36,9,0.25,0.8333333333333334,0,0,1,,,0
Costa Rica,CR,35,8,0.22857142857142856,0.7428571428571429,0,0,1,,,0
Latvia,LV,34,4,0.11764705882352941,0.8235294117647058,0,0,1,,,0
Cyprus,CY,33,7,0.21212121212121213,0.9393939393939394,0,0,1,,,0
Georgia,GE,33,0,0,0.5454545454545454,0,0,1,,,0
Malta,MT,30,9,0.3,0.9,0,0,1,,,0
Morocco,MA,29,1,0.034482758620689655,0.9310344827586207,1,0,1,,,0
Sri Lanka,LK,28,10,0.35714285714285715,0.9642857142857143,0,0,1,,,0
Bosnia and Herzegovina,BA,25,1,0.04,0.88,0,0,1,,,0
Senegal,SN,24,0,0,0.8333333333333334,0,0,1,,,0
Moldova,MD,23,0,0,0.9565217391304348,0,0,1,,,0
Oman,OM,22,0,0,0.2727272727272727,0,0,1,4,3,0
Afghanistan,AF,21,5,0.23809523809523808,0.8095238095238095,0,0,1,,,0
Tunisia,TN,20,2,0.1,0.9,0,0,1,,,0
North Macedonia,MK,18,4,0.2222222222222222,0.8333333333333334,0,0,1,,,0
Turkey,TR,18,12,0.6666666666666666,1,0,0,1,4,3,-0.57
Jordan,JO,17,9,0.5294117647058824,0.9411764705882353,0,0,1,0,0,-1
Lithuania,LT,17,5,0.29411764705882354,0.9411764705882353,0,0,1,1,0,-1
Venezuela,VE,17,7,0.4117647058823529,1,0,0,1,,,0
Azerbaijan,AZ,15,-8,-0.5333333333333333,0.4,1,0,1,,,0
Burkina Faso,BF,15,12,0.8,1,0,0,1,,,0
Martinique,MQ,15,6,0.4,0.8666666666666667,1,1,1,,,0
Maldives,MV,13,0,0,0.6923076923076923,0,0,2,,,0
Bolivia,BO,11,1,0.09090909090909091,1,0,0,1,,,0
Dominican Republic,DO,11,0,0,0.5454545454545454,0,0,3,0,1,0
French Guiana,GF,11,11,1,0.5454545454545454,0,0,1,,,0
Jamaica,JM,10,0,0,1,0,0,1,,,0
Kazakhstan,KZ,10,1,0.1,1,0,0,1,,,0
Reunion,RE,9,2,0.2222222222222222,1,0,0,1,,,0
Bangladesh,BD,8,3,0.375,0.625,0,0,1,1,1,0
New Zealand,NZ,8,0,0,0.375,0,0,2,1,0,0
Paraguay,PY,8,2,0.25,0.875,0,0,1,,,0
Uruguay,UY,8,4,0.5,1,0,0,1,,,0
Cambodia,KH,7,0,0,0.7142857142857143,0,0,3,,,0
Monaco,MC,7,5,0.7142857142857143,0.8571428571428571,0,0,1,,,0
Ukraine,UA,7,4,0.5714285714285714,0.8571428571428571,1,0,1,,,0
Ghana,GH,6,0,0,1,0,0,2,,,0
Guadeloupe,GP,6,3,0.5,1,0,0,1,,,0
Honduras,HN,6,3,0.5,1,0,0,1,,,0
Uzbekistan,UZ,6,5,0.8333333333333334,1,0,0,1,,,0
Ethiopia,ET,5,4,0.8,1,0,0,1,,,0
Rwanda,RW,5,4,0.8,1,0,0,1,,,0
Cameroon,CM,4,2,0.5,0.5,0,0,1,0,1,0
Cuba,CU,4,0,0,1,0,0,4,,,0
Guyana,GY,4,0,0,1,1,0,2,,,0
Liechtenstein,LI,4,0,0,0.75,0,0,3,,,0
Trinidad and Tobago,TT,4,2,0.5,1,0,0,1,2,2,-0.6
Guam,GU,3,3,1,1,0,0,1,,,0
Kenya,KE,3,0,0,1,0,0,1,,,0
Puerto Rico,PR,3,3,1,1,0,0,1,1,0,0
Seychelles,SC,3,1,0.3333333333333333,1,0,0,1,,,0
Andorra,AD,2,1,0.5,0.5,0,0,1,,,0
Aruba,AW,2,0,0,1,0,0,4,,,0
Congo (Kinshasa),CD,2,0,0,1,0,0,4,,,0
Guatemala,GT,2,1,0.5,1,1,1,1,,,0
Jersey,JE,2,0,0,1,0,0,3,,,0
Kosovo,XK,2,0,0,1,0,0,2,,,0
Namibia,NA,2,0,0,1,0,0,3,,,0
Nigeria,NG,2,0,0,0,0,0,4,9,5,-0.28
Saint Lucia,LC,2,0,0,1,0,0,1,,,0
Antigua and Barbuda,AG,1,0,0,1,0,0,2,,,0
Benin,BJ,1,1,1,1,0,0,1,,,0
Bhutan,BT,1,0,0,0,0,0,4,,,0
Central African Republic,CF,1,0,0,1,0,0,1,,,0
Congo (Brazzaville),CG,1,0,0,1,0,0,1,,,0
Cote d'Ivoire,CI,1,0,0,1,0,0,4,,,0
Equatorial Guinea,GQ,1,0,0,1,0,0,2,0,1,0
Eswatini,SZ,1,0,0,1,0,0,2,,,0
Gabon,GA,1,0,0,1,0,0,3,,,0
Greenland,GL,1,1,1,1,0,0,1,,,0
Guernsey,GG,1,0,0,1,0,0,4,,,0
Guinea,GN,1,0,0,1,0,0,2,,,0
Holy See,VA,1,0,0,1,0,0,4,,,0
Liberia,LR,1,1,1,1,0,0,1,,,0
Mauritania,MR,1,0,0,1,0,0,2,,,0
Mayotte,YT,1,1,1,1,0,0,1,,,0
Mongolia,MN,1,0,0,1,0,0,4,,,0
Nepal,NP,1,0,0,0,0,0,4,,,0
Republic of the Congo,CD,1,1,1,1,0,0,1,,,0
Saint Vincent and the Grenadines,VC,1,0,0,1,0,0,3,,,0
Somalia,SO,1,1,1,1,0,0,1,,,0
Sudan,SD,1,0,0,1,1,0,3,,,0
Suriname,SR,1,0,0,1,0,0,3,,,0
Tanzania,TZ,1,1,1,1,0,0,1,,,0
The Bahamas,BS,1,1,1,1,0,0,1,,,0
Togo,TG,1,0,0,0,0,0,4,,,0
occupied Palestinian territory,PS,0,0,,#DIV/0!,0,0,6,,,0
